{
	"info": {
		"_postman_id": "989de4d8-d094-4af7-9bc9-b4487bf40360",
		"name": "Trucks",
		"schema": "https://schema.getpostman.com/json/collection/v2.1.0/collection.json",
		"_exporter_id": "22785969",
		"_collection_link": "https://interstellar-escape-183690.postman.co/workspace/Api-Practice~dea1284f-f6f1-438c-b2ef-20eca1e77862/collection/22785969-989de4d8-d094-4af7-9bc9-b4487bf40360?action=share&creator=22785969&source=collection_link"
	},
	"item": [
		{
			"name": "Auth Routes (Admin & Emp)",
			"item": [
				{
					"name": "Sign up",
					"event": [
						{
							"listen": "test",
							"script": {
								"exec": [
									""
								],
								"type": "text/javascript"
							}
						}
					],
					"request": {
						"method": "POST",
						"header": [],
						"body": {
							"mode": "raw",
							"raw": "{\r\n    \"email\": \"khawajaabdul.hannan@gmail.com\", \r\n    \"name\" : \"Abdul Hannan\",\r\n    \"password\": \"Hannan321\",\r\n    \"phoneNumber\" : \"+923164143\"\r\n}",
							"options": {
								"raw": {
									"language": "json"
								}
							}
						},
						"url": {
							"raw": "{{URL}}/signup",
							"host": [
								"{{URL}}"
							],
							"path": [
								"signup"
							]
						}
					},
					"response": []
				},
				{
					"name": "Login",
					"event": [
						{
							"listen": "prerequest",
							"script": {
								"exec": [
									""
								],
								"type": "text/javascript"
							}
						},
						{
							"listen": "test",
							"script": {
								"exec": [
									"var token = pm.response.json().accessToken;\r",
									"pm.environment.set(\"Token\", token);"
								],
								"type": "text/javascript"
							}
						}
					],
					"request": {
						"method": "POST",
						"header": [],
						"body": {
							"mode": "raw",
							"raw": "{\r\n    \"email\": \"khawajaabdul.hannan@gmail.com\", \r\n    \"password\": \"Hannan321\"\r\n}",
							"options": {
								"raw": {
									"language": "json"
								}
							}
						},
						"url": {
							"raw": "{{URL}}/login",
							"host": [
								"{{URL}}"
							],
							"path": [
								"login"
							]
						}
					},
					"response": []
				}
			]
		},
		{
			"name": "Post Routes",
			"item": [
				{
					"name": "Images",
					"item": [
						{
							"name": "Add Post Image",
							"protocolProfileBehavior": {
								"disabledSystemHeaders": {
									"content-type": true
								}
							},
							"request": {
								"method": "POST",
								"header": [
									{
										"key": "Authorization",
										"value": "{{Token}}",
										"type": "text"
									}
								],
								"body": {
									"mode": "formdata",
									"formdata": [
										{
											"key": "file",
											"type": "file",
											"src": "/D:/Post Images/something_is_wrong.jpg"
										},
										{
											"key": "id",
											"value": "64445519b67cdbda87207527",
											"type": "text"
										}
									]
								},
								"url": {
									"raw": "{{URL}}/posts/file/upload",
									"host": [
										"{{URL}}"
									],
									"path": [
										"posts",
										"file",
										"upload"
									]
								}
							},
							"response": []
						},
						{
							"name": "Get Post Image By ID",
							"request": {
								"method": "GET",
								"header": [
									{
										"key": "Authorization",
										"value": "{{Token}}",
										"type": "text"
									}
								],
								"url": {
									"raw": "http://localhost:8000/file/1681673863353-blog-image",
									"protocol": "http",
									"host": [
										"localhost"
									],
									"port": "8000",
									"path": [
										"file",
										"1681673863353-blog-image"
									]
								}
							},
							"response": []
						}
					]
				},
				{
					"name": "Add post",
					"request": {
						"method": "POST",
						"header": [
							{
								"key": "Authorization",
								"value": "{{Token}}",
								"type": "text"
							}
						],
						"body": {
							"mode": "raw",
							"raw": "{\r\n    \"title\" : \"Why People Should Do Business With You\",  \r\n    \"description\" : \"One of the best ways of utilizing social media is to showcase what you do best. You can do this by posting updates that talk about your trucking company’s performance markers, such as on-time delivery and quality performance. You can also highlight how your company is flexible and agile, giving your customers more options. Additionally, you can emphasize how you offer better payment terms than your competitors.Showing off what makes your trucking business unique will help attract new customers and keep existing ones coming back for more. By highlighting what makes your trucking company different, you can show potential current and new clients that you’re the best option for them. This will help increase your bottom line and keep your trucking business running smoothly for future success.\" \r\n}",
							"options": {
								"raw": {
									"language": "json"
								}
							}
						},
						"url": {
							"raw": "{{URL}}/posts/create",
							"host": [
								"{{URL}}"
							],
							"path": [
								"posts",
								"create"
							]
						}
					},
					"response": []
				},
				{
					"name": "Update Post",
					"request": {
						"method": "PUT",
						"header": [
							{
								"key": "Authorization",
								"value": "{{Token}}",
								"type": "text"
							}
						],
						"body": {
							"mode": "raw",
							"raw": "{\r\n    \"title\" : \"Hannantitle\",  \r\n    \"description\" : \"description 10000\" \r\n  \r\n}",
							"options": {
								"raw": {
									"language": "json"
								}
							}
						},
						"url": {
							"raw": "http://localhost:8000/posts/update/643dbe3e5729fcacac3f5eab",
							"protocol": "http",
							"host": [
								"localhost"
							],
							"port": "8000",
							"path": [
								"posts",
								"update",
								"643dbe3e5729fcacac3f5eab"
							]
						}
					},
					"response": []
				},
				{
					"name": "All posts",
					"protocolProfileBehavior": {
						"disableBodyPruning": true
					},
					"request": {
						"method": "GET",
						"header": [
							{
								"key": "Authorization",
								"value": "{{Token}}",
								"type": "text"
							}
						],
						"body": {
							"mode": "raw",
							"raw": "",
							"options": {
								"raw": {
									"language": "json"
								}
							}
						},
						"url": {
							"raw": "{{URL}}/posts",
							"host": [
								"{{URL}}"
							],
							"path": [
								"posts"
							]
						}
					},
					"response": []
				},
				{
					"name": "Employee Posts",
					"protocolProfileBehavior": {
						"disableBodyPruning": true
					},
					"request": {
						"method": "GET",
						"header": [
							{
								"key": "Authorization",
								"value": "{{Token}}",
								"type": "text"
							}
						],
						"body": {
							"mode": "raw",
							"raw": "",
							"options": {
								"raw": {
									"language": "json"
								}
							}
						},
						"url": {
							"raw": "{{URL}}/posts/employee",
							"host": [
								"{{URL}}"
							],
							"path": [
								"posts",
								"employee"
							]
						}
					},
					"response": []
				},
				{
					"name": "Get one post",
					"protocolProfileBehavior": {
						"disableBodyPruning": true
					},
					"request": {
						"method": "GET",
						"header": [
							{
								"key": "Authorization",
								"value": "{{Token}}",
								"type": "text"
							}
						],
						"body": {
							"mode": "raw",
							"raw": "",
							"options": {
								"raw": {
									"language": "json"
								}
							}
						},
						"url": {
							"raw": "{{URL}}/posts/644467a0b67cdbda872075d4",
							"host": [
								"{{URL}}"
							],
							"path": [
								"posts",
								"644467a0b67cdbda872075d4"
							]
						}
					},
					"response": []
				},
				{
					"name": "Delete Post",
					"request": {
						"method": "DELETE",
						"header": [
							{
								"key": "Authorization",
								"value": "{{Token}}",
								"type": "text"
							}
						],
						"body": {
							"mode": "raw",
							"raw": "{\r\n\r\n  \r\n}",
							"options": {
								"raw": {
									"language": "json"
								}
							}
						},
						"url": {
							"raw": "{{URL}}/posts/delete/643dbe3e5729fcacac3f5eab",
							"host": [
								"{{URL}}"
							],
							"path": [
								"posts",
								"delete",
								"643dbe3e5729fcacac3f5eab"
							]
						}
					},
					"response": []
				}
			]
		},
		{
			"name": "Tickets (Admin)",
			"item": [
				{
					"name": "Create a ticket",
					"request": {
						"method": "POST",
						"header": [
							{
								"key": "Authorization",
								"value": "{{Token}}",
								"type": "text"
							}
						],
						"body": {
							"mode": "raw",
							"raw": "{\r\n    \"title\" : \"My title for ticket\",    \r\n    \"description\" : \"myDescription myDescription myDescription myDescription myDescription myDescription myDescription myDescription myDescription myDescription myDescription myDescription myDescription myDescription myDescription myDescription myDescription myDescription myDescription myDescription myDescriptionmyDescriptionmyDescription Tractor mechanical breakdown issues Tractor mechanical breakdown issuesTractor mechanical breakdown issuesTractor mechanical breakdown issuesTractor mechanical breakdown issuesTractor mechanical breakdown issuesTractor mechanical breakdown issuesTractor mechanical breakdown issuesTractor mechanical breakdown issuesTractor mechanical breakdown issuesTractor mechanical breakdown issuesTractor mechanical breakdown issuesTractor mechanical breakdown issues\"  ,\r\n    \"type\" : \"Tractor mechanical breakdown issues\"\r\n}",
							"options": {
								"raw": {
									"language": "json"
								}
							}
						},
						"url": {
							"raw": "{{URL}}/tickets/create",
							"host": [
								"{{URL}}"
							],
							"path": [
								"tickets",
								"create"
							]
						}
					},
					"response": []
				},
				{
					"name": "Create a ticket Copy",
					"protocolProfileBehavior": {
						"disableBodyPruning": true
					},
					"request": {
						"method": "GET",
						"header": [
							{
								"key": "Authorization",
								"value": "{{Token}}",
								"type": "text"
							}
						],
						"body": {
							"mode": "raw",
							"raw": "{\r\n    \"title\" : \"My title for ticket\",    \r\n    \"description\" : \"myDescription myDescription myDescription myDescription myDescription myDescription myDescription myDescription myDescription myDescription myDescription myDescription myDescription myDescription myDescription myDescription myDescription myDescription myDescription myDescription myDescriptionmyDescriptionmyDescription Tractor mechanical breakdown issues Tractor mechanical breakdown issuesTractor mechanical breakdown issuesTractor mechanical breakdown issuesTractor mechanical breakdown issuesTractor mechanical breakdown issuesTractor mechanical breakdown issuesTractor mechanical breakdown issuesTractor mechanical breakdown issuesTractor mechanical breakdown issuesTractor mechanical breakdown issuesTractor mechanical breakdown issuesTractor mechanical breakdown issues\"  ,\r\n    \"type\" : \"Tractor mechanical breakdown issues\"\r\n}",
							"options": {
								"raw": {
									"language": "json"
								}
							}
						},
						"url": {
							"raw": "{{URL}}/tickets/employee",
							"host": [
								"{{URL}}"
							],
							"path": [
								"tickets",
								"employee"
							]
						}
					},
					"response": []
				},
				{
					"name": "Get All tickets",
					"protocolProfileBehavior": {
						"disableBodyPruning": true
					},
					"request": {
						"method": "GET",
						"header": [
							{
								"key": "Authorization",
								"value": "{{Token}}",
								"type": "text"
							}
						],
						"body": {
							"mode": "raw",
							"raw": "",
							"options": {
								"raw": {
									"language": "json"
								}
							}
						},
						"url": {
							"raw": "{{URL}}/tickets",
							"host": [
								"{{URL}}"
							],
							"path": [
								"tickets"
							]
						}
					},
					"response": []
				},
				{
					"name": "Get one Ticket",
					"protocolProfileBehavior": {
						"disableBodyPruning": true
					},
					"request": {
						"method": "GET",
						"header": [
							{
								"key": "Authorization",
								"value": "{{Token}}",
								"type": "text"
							}
						],
						"body": {
							"mode": "raw",
							"raw": "{\r\n    \"title\" : \"myTitle\",    \r\n    \"description\" : \"myDescription\"  ,\r\n    \"type\" : \"Poor scheduling/planning\"\r\n\r\n}",
							"options": {
								"raw": {
									"language": "json"
								}
							}
						},
						"url": {
							"raw": "{{URL}}/tickets/643ce99b558b86abd81c0851",
							"host": [
								"{{URL}}"
							],
							"path": [
								"tickets",
								"643ce99b558b86abd81c0851"
							]
						}
					},
					"response": []
				},
				{
					"name": "Delete Ticket",
					"request": {
						"method": "DELETE",
						"header": [
							{
								"key": "Authorization",
								"value": "{{Token}}",
								"type": "text"
							}
						],
						"body": {
							"mode": "raw",
							"raw": "{\r\n    \"title\" : \"myTitle\",    \r\n    \"description\" : \"myDescription\"  ,\r\n    \"type\" : \"Poor scheduling/planning\"\r\n\r\n}",
							"options": {
								"raw": {
									"language": "json"
								}
							}
						},
						"url": {
							"raw": "{{URL}}/tickets/delete/6443a0b5eec36cf62ef8d9b2x",
							"host": [
								"{{URL}}"
							],
							"path": [
								"tickets",
								"delete",
								"6443a0b5eec36cf62ef8d9b2x"
							]
						}
					},
					"response": []
				},
				{
					"name": "Update TIcket",
					"request": {
						"method": "PUT",
						"header": [
							{
								"key": "Authorization",
								"value": "{{Token}}",
								"type": "text"
							}
						],
						"body": {
							"mode": "raw",
							"raw": "{\r\n   \"status\" : \"resovled\"\r\n}",
							"options": {
								"raw": {
									"language": "json"
								}
							}
						},
						"url": {
							"raw": "{{URL}}/tickets/update/643db295e65a2320fad7931d",
							"host": [
								"{{URL}}"
							],
							"path": [
								"tickets",
								"update",
								"643db295e65a2320fad7931d"
							]
						}
					},
					"response": []
				},
				{
					"name": "TIcket Status Types",
					"protocolProfileBehavior": {
						"disableBodyPruning": true
					},
					"request": {
						"method": "GET",
						"header": [
							{
								"key": "Authorization",
								"value": "{{Token}}",
								"type": "text"
							}
						],
						"body": {
							"mode": "raw",
							"raw": "",
							"options": {
								"raw": {
									"language": "json"
								}
							}
						},
						"url": {
							"raw": "{{URL}}/tickets/status/types",
							"host": [
								"{{URL}}"
							],
							"path": [
								"tickets",
								"status",
								"types"
							]
						}
					},
					"response": []
				},
				{
					"name": "Ticket Type",
					"protocolProfileBehavior": {
						"disableBodyPruning": true
					},
					"request": {
						"method": "GET",
						"header": [
							{
								"key": "Authorization",
								"value": "{{Token}}",
								"type": "text"
							}
						],
						"body": {
							"mode": "raw",
							"raw": "{\r\n    \"name\": \"Abdul Hannan\",\r\n   \"email\" : \"khawajaabdul.hannan@gmail.com\",\r\n   \"contactNumber\": \"03164143055\",\r\n   \"service\": \"Full-service moving company\", \r\n   \"price\" : \"100\"\r\n}",
							"options": {
								"raw": {
									"language": "json"
								}
							}
						},
						"url": {
							"raw": "{{URL}}/tickets/category/types",
							"host": [
								"{{URL}}"
							],
							"path": [
								"tickets",
								"category",
								"types"
							]
						}
					},
					"response": []
				}
			]
		},
		{
			"name": "Tickets (Emp)",
			"item": [
				{
					"name": "Assign Ticket",
					"request": {
						"method": "GET",
						"header": [
							{
								"key": "Authorization",
								"value": "{{Token}}",
								"type": "text"
							}
						],
						"url": {
							"raw": "{{URL}}/tickets/assign/6443a0b5eec36cf62ef8d9b2",
							"host": [
								"{{URL}}"
							],
							"path": [
								"tickets",
								"assign",
								"6443a0b5eec36cf62ef8d9b2"
							]
						}
					},
					"response": []
				}
			]
		},
		{
			"name": "Qoutes",
			"item": [
				{
					"name": "Create Qoute",
					"request": {
						"method": "POST",
						"header": [],
						"body": {
							"mode": "raw",
							"raw": "{\r\n    \"name\" : \"Abdul Hannan\",    \r\n    \"email\" : \"Khawajaabdul.hannan@gmail.com\"  ,\r\n    \"address\" : \"+923164143055\",\r\n    \"service\" : \"Hourly moving & packing services\"\r\n}",
							"options": {
								"raw": {
									"language": "json"
								}
							}
						},
						"url": {
							"raw": "{{URL}}/qoutes/create",
							"host": [
								"{{URL}}"
							],
							"path": [
								"qoutes",
								"create"
							]
						}
					},
					"response": []
				},
				{
					"name": "Get All Qoute",
					"protocolProfileBehavior": {
						"disableBodyPruning": true
					},
					"request": {
						"method": "GET",
						"header": [],
						"body": {
							"mode": "raw",
							"raw": "{\r\n    \"name\" : \"Titlee\",    \r\n    \"email\" : \"myDescription\"  ,\r\n    \"contactNumber\" : \"Poor scheduling/planning\",\r\n    \"service\" : \"Hourly moving & packing services\",\r\n    \"price\" : 100\r\n}",
							"options": {
								"raw": {
									"language": "json"
								}
							}
						},
						"url": {
							"raw": "{{URL}}/qoutes",
							"host": [
								"{{URL}}"
							],
							"path": [
								"qoutes"
							]
						}
					},
					"response": []
				}
			]
		}
	]
}